<?xml version="1.0" encoding="UTF-8"?>
<metadata modelVersion="1.1.0">
  <groupId>org.springframework.cloud.stream.app</groupId>
  <artifactId>script-processor-kafka</artifactId>
  <version>3.1.1-SNAPSHOT</version>
  <versioning>
    <snapshot>
      <timestamp>20211025.142449</timestamp>
      <buildNumber>34</buildNumber>
    </snapshot>
    <lastUpdated>20211025142513</lastUpdated>
    <snapshotVersions>
      <snapshotVersion>
        <classifier>javadoc</classifier>
        <extension>jar</extension>
        <value>3.1.1-20211025.142449-34</value>
        <updated>20211025142449</updated>
      </snapshotVersion>
      <snapshotVersion>
        <classifier>sources</classifier>
        <extension>jar</extension>
        <value>3.1.1-20211025.142449-34</value>
        <updated>20211025142449</updated>
      </snapshotVersion>
      <snapshotVersion>
        <extension>jar</extension>
        <value>3.1.1-20211025.142449-34</value>
        <updated>20211025142449</updated>
      </snapshotVersion>
      <snapshotVersion>
        <extension>pom</extension>
        <value>3.1.1-20211025.142449-34</value>
        <updated>20211025142449</updated>
      </snapshotVersion>
      <snapshotVersion>
        <classifier>metadata</classifier>
        <extension>jar</extension>
        <value>3.1.1-20211025.142449-34</value>
        <updated>20211025142449</updated>
      </snapshotVersion>
    </snapshotVersions>
  </versioning>
</metadata>
